time,acc_x,acc_y,acc_z
2173334.251,-1.643,4.568,8.212
2173334.271,-1.543,4.045,8.303
2173334.291,-1.252,4.184,8.873
2173334.31,-1.076,4.38,8.726
2173334.33,-0.242,4.235,8.267
2173334.35,-0.47,3.154,9.6
2173334.37,-0.371,3.062,9.657
2173334.389,-0.262,3.521,9.928
2173334.409,0.029,3.032,9.16
2173334.429,0.354,2.601,9.08
2173334.449,0.439,2.854,9.123
2173334.468,0.408,2.691,9.294
2173334.488,0.682,2.639,9.959
2173334.508,0.614,2.409,10.044
2173334.528,0.311,2.5,10.22
2173334.548,0.172,2.681,10.348
2173334.567,0.1,2.839,10.124
2173334.587,0.331,2.983,9.973
2173334.607,0.21,2.7,9.821
2173334.627,-0.159,2.954,9.48
2173334.646,-0.539,3.188,9.157
2173334.666,-0.804,3.299,8.816
2173334.686,-0.232,3.04,9.29
2173334.706,0.287,2.691,9.632
2173334.725,0.196,2.509,9.536
2173334.745,0.22,2.342,9.39
2173334.765,0.302,2.322,9.484
2173334.785,0.259,2.351,9.717
2173334.805,0.081,2.38,9.565
2173334.824,0.11,2.284,9.38
2173334.844,0.023,2.255,9.57
2173334.864,-0.256,2.279,9.608
2173334.884,-0.323,2.236,9.65
2173334.903,-0.217,2.222,9.812
2173334.923,-0.135,2.203,9.707
2173334.943,-0.155,2.265,9.451
2173334.963,-0.179,2.366,9.475
2173334.982,-0.145,2.337,9.328
2173335.002,-0.237,2.246,9.432
2173335.022,-0.203,2.164,9.84
2173335.042,-0.284,2.045,9.826
2173335.061,-0.477,1.973,9.821
2173335.081,-0.578,1.968,9.57
2173335.101,-0.659,2.036,9.541
2173335.121,-0.583,2.012,9.802
2173335.141,-0.775,2.179,9.447
2173335.16,-0.813,2.198,9.1
2173335.18,-0.785,2.207,9.622
2173335.2,-0.77,2.227,9.954
2173335.22,-0.765,2.193,9.911
2173335.239,-0.848,2.233,9.801
2173335.259,-0.968,2.276,9.563
2173335.279,-0.925,2.328,9.493
2173335.299,-0.834,2.343,9.573
2173335.318,-0.824,2.381,9.696
2173335.338,-0.791,2.352,9.635
2173335.358,-0.829,2.376,9.787
2173335.378,-0.843,2.343,9.901
2173335.398,-0.848,2.343,9.464
2173335.417,-0.901,2.472,9.341
2173335.437,-0.81,2.448,9.397
2173335.457,-0.704,2.395,9.274
2173335.477,-0.637,2.467,9.397
2173335.496,-0.651,2.506,9.659
2173335.516,-0.593,2.51,9.426
2173335.536,-0.588,2.491,9.298
2173335.556,-0.598,2.578,9.545
2173335.575,-0.637,2.52,9.563
2173335.595,-0.747,2.673,9.659
2173335.615,-0.853,2.745,9.431
2173335.635,-0.752,2.673,9.288
2173335.655,-0.661,2.625,9.506
2173335.674,-0.737,2.587,9.45
2173335.694,-0.901,2.725,9.108
2173335.714,-1.025,2.927,8.928
2173335.734,-0.823,2.84,9.255
2173335.753,-0.646,2.654,9.464
2173335.773,-0.574,2.64,9.796
2173335.793,-0.516,2.668,9.682
2173335.813,-0.612,2.573,9.365
2173335.832,-1.131,2.697,8.99
2173335.852,-1.179,2.381,8.421
2173335.872,-1.419,2.348,7.619
2173335.892,-1.525,2.271,7.216
2173335.911,-1.525,2.242,6.756
2173335.931,-1.218,2.133,7.04
2173335.951,-0.602,2.123,7.88
2173335.971,-0.367,2.218,7.97
2173335.991,-0.319,1.864,7.942
2173336.01,-0.655,1.027,7.292
2173336.03,0.325,1.213,8.25
2173336.05,1.301,2.611,9.544
2173336.07,2.06,3.826,7.368
2173336.089,2.622,1.582,11.489
2173336.109,2.036,1.061,4.859
2173336.129,2.454,-0.203,4.304
2173336.149,4.083,1.649,9.706
2173336.168,2.06,2.979,7.89
2173336.188,1.81,1.41,7.211
2173336.208,0.335,0.616,7.074
2173336.228,-2.173,-0.509,8.449
2173336.248,-2.822,-2.208,6.59
2173336.267,-1.895,-2.409,4.926
2173336.287,-0.16,-4.931,6.382
2173336.307,3.218,-6.965,6.291
2173336.327,6.885,-9.478,5.386
2173336.346,10.214,-9.262,9.307
2173336.366,13.14,-10.023,17.322
2173336.386,16.398,-9.554,14.335
2173336.406,16.355,-9.641,11.93
2173336.425,16.504,-9.066,15.42
2173336.445,17.479,-8.506,13.514
2173336.465,15.802,-8.243,9.303
2173336.485,13.356,-7.558,8.003
2173336.505,11.28,-6.783,8.302
2173336.524,10.252,-7.822,8.208
2173336.544,10.454,-7.731,3.564
2173336.564,8.729,-7.075,0.695
2173336.584,6.264,-6.104,4.318
2173336.603,3.79,-3.314,8.458
2173336.623,4.986,-5.323,-2.264
2173336.643,6.149,-5.855,-8.77
2173336.663,3.391,-1.787,3.839
2173336.682,-1.04,0.845,4.669
2173336.702,1.387,0.314,0.444
2173336.722,3.77,-0.768,-0.476
2173336.742,5.005,-2.72,-1.567
2173336.761,9.518,-5.39,-1.78
2173336.781,10.128,-8.166,-0.457
2173336.801,7.759,-7.128,1.857
2173336.821,6.106,-6.29,-1.154
2173336.841,5.818,-8.448,-4.27
2173336.86,6.692,-9.511,-3.127
2173336.88,7.173,-8.152,-1.633
2173336.9,4.732,-6.309,-2.013
2173336.92,4.742,-6.089,-3.014
2173336.939,3.32,-7.955,0.795
2173336.959,3.622,-9.195,3.118
2173336.979,5.429,-9.912,1.222
2173336.999,5.4,-8.573,1.838
2173337.018,6.217,-5.898,2.345
2173337.038,2.373,-8.606,-0.315
2173337.058,2.431,-6.64,2.625
2173337.078,3.276,-8.53,-1.43
2173337.098,0.509,-10.559,1.288
2173337.117,4.29,-16.656,-1.572
2173337.137,4.449,-17.68,-0.713
2173337.157,2.696,-13.909,3.261
2173337.177,2.594,-12.21,2.886
2173337.196,2.888,-11.832,1.388
2173337.216,3.815,-10.645,0.747
2173337.236,2.998,-7.07,0.614
2173337.256,0.701,-1.629,0.61
2173337.275,1.883,-6.506,1.771
2173337.295,4.43,-12.114,1.88
2173337.315,2.955,-10.664,1.141
2173337.335,2.114,-8.908,1.098
2173337.354,2.191,-9.037,0.927
2173337.374,2.196,-8.4,-0.253
2173337.394,2.282,-6.156,0.163
2173337.414,3.417,-2.548,1.344
2173337.434,2.648,-8.338,2.933
2173337.453,3.657,-14.205,0.22
2173337.473,3.623,-11.679,1.373
2173337.493,2.634,-10.266,1.947
2173337.513,2.73,-10.711,1.401
2173337.532,2.845,-10.085,1.07
2173337.552,2.307,-8.362,1.226
2173337.572,2.379,-9.377,1.51
2173337.592,2.675,-11.679,1.549
2173337.611,2.771,-10.683,1.074
2173337.631,1.69,-9.109,0.695
2173337.651,1.329,-9.678,0.885
2173337.671,1.974,-9.784,0.771
2173337.691,2.622,-9.621,0.908
2173337.71,2.728,-9.884,1.188
2173337.73,3.146,-10.669,0.947
2173337.75,2.425,-10.535,0.989
2173337.77,0.638,-10.325,1.288
2173337.789,0.369,-11.597,2.004
2173337.809,1.167,-8.616,0.985
2173337.829,1.037,-7.042,0.619
2173337.849,0.955,-9.784,1.236
2173337.868,1.118,-11.334,1.098
2173337.888,0.897,-8.42,0.908
2173337.908,1.743,-7.97,0.411
2173337.928,3.131,-7.888,-0.002
2173337.948,2.896,-10.166,-0.268
2173337.967,1.464,-10.884,-0.063
2173337.987,0.388,-10.008,0.216
2173338.007,-0.246,-9.406,0.34
2173338.027,-0.03,-9.013,0.453
2173338.046,1.734,-9.41,0.278
2173338.066,1.796,-9.731,0.762
2173338.086,1.143,-9.87,0.847
2173338.106,1.335,-10.439,1.131
2173338.125,0.383,-14.239,2.621
2173338.145,-0.179,-15.335,-0.599
2173338.165,-0.362,-17.507,-1.97
2173338.185,-0.904,-11.406,1.573
2173338.205,1.969,-6.625,-0.111
2173338.224,2.007,-7.544,-1.505
2173338.244,2.204,-2.299,2.26
2173338.264,2.945,1.525,2.573
2173338.284,1.383,-3.045,-0.149
2173338.303,3.026,-7.022,0.596
2173338.323,1.123,-6.285,1.795
2173338.343,0.576,-5.486,0.031
2173338.363,3.901,-8.726,-1.188
2173338.382,4.305,-15.699,-1.382
2173338.402,-0.246,-18.269,0.662
2173338.422,-1.198,-18.297,-0.087
2173338.442,-1.303,-13.445,0.989
2173338.461,-1.144,-9.568,0.662
2173338.481,-1.597,-10.501,0.074
2173338.501,-2.034,-16.149,0.302
2173338.521,-0.943,-19.436,0.638
2173338.541,0.34,-14.651,-0.244
2173338.56,0.134,-5.888,-2.634
2173338.58,1.43,-1.352,-3.236
2173338.6,1.276,-1.62,-1.112
2173338.62,1.742,-0.902,1.236
2173338.639,2.602,-4.079,0.937
2173338.659,5.591,-4.812,3.954
2173338.679,5.822,-6.19,1.895
2173338.699,1.92,-8.358,-0.751
2173338.718,1.358,-14.033,-2.7
2173338.738,2.885,-18.996,-1.177
2173338.758,0.935,-16.776,3.446
2173338.778,1.098,-13.345,5.016
2173338.798,0.339,-11.985,2.645
2173338.817,0.257,-10.693,0.823
2173338.837,0.382,-11.353,-0.376
2173338.857,-0.099,-12.397,-1.112
2173338.877,-2.813,-13.636,-2.311
2173338.896,-3.539,-11.134,-2.785
2173338.916,0.219,-4.563,-1.789
2173338.936,6.792,1.582,0.416
2173338.956,0.487,-0.926,-0.898
2173338.975,1.146,-4.673,1.521
2173338.995,6.114,-8.09,3.37
2173339.015,4.908,-11.507,0.952
2173339.035,2.179,-13.464,-0.443
2173339.055,0.627,-10.961,1.564
2173339.074,-0.565,-12.468,1.369
2173339.094,0.535,-13.617,1.611
2173339.114,1.737,-10.287,0.942
2173339.134,2.558,-7.501,-2.434
2173339.153,1.578,-9.985,3.546
2173339.173,-0.517,-13.278,-1.002
2173339.193,1.352,-12.809,-0.685
2173339.213,0.901,-12.995,1.943
2173339.232,2.265,-10.564,2.436
2173339.252,-1.858,-7.434,1.815
2173339.272,-2.377,-11.095,5.874
2173339.292,0.857,-3.869,-3.8
2173339.312,4.264,-2.926,-6.963
2173339.331,3.663,-7.477,-0.423
2173339.351,2.284,-10.071,5.495
2173339.371,1.395,-13.004,2.569
2173339.391,0.425,-17.168,2.597
2173339.41,2.856,-9.506,1.881
2173339.43,4.744,-7.683,0.738
2173339.45,3.356,-10.392,0.169
2173339.47,1.438,-9.425,-0.485
2173339.489,1.165,-10.971,0.852
2173339.509,2.034,-9.631,0.956
2173339.529,3.784,-6.922,-0.685
2173339.549,5.744,-7.104,4.276
2173339.568,3.442,-8.841,0.288
2173339.588,0.695,-11.564,-0.647
2173339.608,-0.428,-10.707,3.711
2173339.628,-1.21,-8.395,3.881
2173339.648,0.834,-11.304,2.307
2173339.667,2.171,-10.864,2.813
2173339.687,3.022,-8.902,1.543
2173339.707,3.481,-9.686,0.257
2173339.727,2.083,-9.93,0.493
2173339.746,1.446,-9.633,1.556
2173339.766,2.288,-11.03,0.023
2173339.786,3.182,-13.867,-0.138
2173339.806,2.439,-13.087,0.824
2173339.825,0.532,-10.675,3.385
2173339.845,-1.143,-7.612,1.468
2173339.865,1.506,-7.894,-1.225
2173339.885,1.603,-7.434,0.197
2173339.905,1.763,-6.117,-0.738
2173339.924,3.047,-5.835,-0.435
2173339.944,2.754,-8.127,0.14
2173339.964,3.028,-8.094,0.39
2173339.984,4.436,-10.979,-0.287
2173340.003,1.423,-10.199,-4.442
2173340.023,0.49,-7.486,3.435
2173340.043,-0.317,-9.539,3.601
2173340.063,-1.345,-10.434,-0.102
2173340.082,0.308,-10.462,1.851
2173340.102,3.061,-10.697,0.31
2173340.122,2.903,-8.591,-0.088
2173340.142,3.345,-8.151,0.855
2173340.161,0.947,-9.089,0.798
2173340.181,-0.047,-10.534,0.675
2173340.201,-0.764,-11.846,0.728
2173340.221,11.778,-12.54,-1.601
2173340.241,-0.441,-12.597,4.607
2173340.26,-8.063,-6.222,-1.426
2173340.28,3.201,-10.893,-0.956
2173340.3,4.013,-9.783,1.42
2173340.32,1.466,-9.874,1.951
2173340.339,0.544,-9.85,1.88
2173340.359,-0.033,-9.348,1.813
2173340.379,0.601,-9.969,0.671
2173340.399,1.14,-10.663,1.87
2173340.418,0.52,-11.185,1.334
2173340.438,1.149,-9.687,0.144
2173340.458,2.288,-9.721,2.359
2173340.478,1.663,-10.123,1.989
2173340.498,0.808,-10.108,1.102
2173340.517,0.563,-9.663,0.315
2173340.537,0.515,-8.577,0.116
2173340.557,0.683,-8.769,1.055
2173340.577,1.469,-9.32,1.649
2173340.596,2.737,-11.358,0.728
2173340.616,-0.232,-11.038,-0.031
2173340.636,-1.784,-9.018,1.649
2173340.656,2.031,-8.363,2.028
2173340.675,2.685,-6.912,0.302
2173340.695,1.767,-7.07,2.967
2173340.715,2.824,-5.577,4.01
2173340.735,3.578,-5.185,3.479
2173340.754,2.79,-5.128,-0.419
2173340.774,3.079,-4.357,-4.175
2173340.794,0.921,-7.573,-0.656
2173340.814,-0.357,-9.08,2.739
2173340.834,-3.202,-15.421,2.635
2173340.853,-3.428,-18.852,2.094
2173340.873,1.748,-21.169,2.616
2173340.893,3.91,-15.081,1.867
2173340.913,1.07,-9.315,-0.021
2173340.932,0.628,-5.759,-0.035
2173340.952,2.41,-8.31,-0.296
2173340.972,3.439,-10.597,-0.063
2173340.992,0.868,-7.769,2.227
2173341.011,0.734,-8.511,0.965
2173341.031,1.228,-9.195,1.431
2173341.051,0.7,-7.276,2.536
2173341.071,1.209,-8.812,0.202
2173341.091,1.728,-9.621,-0.04
2173341.11,2.401,-11.315,0.662
2173341.13,2.079,-10.98,0.396
2173341.15,1.257,-9.497,0.776
2173341.17,1.32,-9.391,0.359
2173341.189,1.31,-9.827,0.994
2173341.209,1.454,-10.081,0.823
2173341.229,1.223,-9.971,0.074
2173341.249,0.734,-9.851,-0.519
2173341.268,0.44,-9.889,-0.656
2173341.288,0.507,-10.147,-0.447
2173341.308,0.656,-9.995,0.131
2173341.328,0.733,-9.822,0.292
2173341.347,0.979,-9.784,0.435
2173341.367,1.512,-9.626,0.681
2173341.387,2.146,-9.583,0.44
2173341.407,2.261,-9.53,-0.12
2173341.427,1.954,-9.368,0.278
2173341.446,2.155,-9.358,0.729
2173341.466,2.407,-9.487,0.624
2173341.486,2.172,-9.592,0.558
2173341.506,1.768,-9.741,0.624
2173341.525,1.499,-9.783,0.695
2173341.545,1.485,-9.611,0.723
2173341.565,1.662,-9.568,0.643
2173341.585,1.724,-9.65,0.496
2173341.604,1.637,-9.674,0.354
2173341.624,1.459,-9.779,0.188
2173341.644,1.267,-9.832,0.117
2173341.664,1.229,-9.789,0.216
2173341.684,1.388,-9.731,0.259
2173341.703,1.546,-9.674,0.131
2173341.723,1.507,-9.583,-0.087
2173341.743,1.344,-9.559,-0.187
2173341.763,1.185,-9.846,0.008
2173341.782,1.161,-10.071,0.278
2173341.802,1.344,-9.822,0.25
2173341.822,1.589,-9.597,0.487
2173341.842,1.752,-9.635,0.567
2173341.861,1.81,-9.731,0.411
2173341.881,1.747,-9.712,0.321
2173341.901,1.699,-9.654,0.316
2173341.921,1.651,-9.693,0.321
2173341.941,1.521,-9.717,0.292
2173341.96,1.401,-9.683,0.269
2173341.98,1.382,-9.702,0.255
2173342,1.408,-9.735,0.23
2173342.02,1.403,-9.75,0.23
2173342.039,1.441,-9.754,0.23
2173342.059,1.47,-9.735,0.202
2173342.079,1.504,-9.721,0.183
2173342.099,1.489,-9.702,0.207
2173342.118,1.485,-9.721,0.249
2173342.138,1.49,-9.716,0.264
2173342.158,1.5,-9.702,0.249
2173342.178,1.48,-9.721,0.235
2173342.198,1.461,-9.73,0.244
2173342.217,1.447,-9.74,0.211
2173342.237,1.456,-9.716,0.207
2173342.257,1.466,-9.692,0.23
2173342.277,1.5,-9.75,0.211
2173342.296,1.495,-9.754,0.216
2173342.316,1.447,-9.668,0.287
2173342.336,1.49,-9.706,0.311
2173342.356,1.504,-9.726,0.292
2173342.375,1.48,-9.716,0.272
2173342.395,1.48,-9.692,0.301
2173342.415,1.529,-9.687,0.272
2173342.435,1.5,-9.706,0.301
2173342.455,1.495,-9.721,0.306
2173342.474,1.476,-9.711,0.311
2173342.494,1.457,-9.692,0.306
2173342.514,1.481,-9.73,0.258
2173342.534,1.462,-9.706,0.277
2173342.553,1.433,-9.716,0.301
2173342.573,1.428,-9.706,0.329
2173342.593,1.457,-9.702,0.325
2173342.613,1.5,-9.716,0.306
2173342.632,1.462,-9.721,0.272
2173342.652,1.428,-9.692,0.235
2173342.672,1.404,-9.73,0.23
2173342.692,1.385,-9.745,0.235
2173342.711,1.39,-9.721,0.244
2173342.731,1.404,-9.711,0.22
2173342.751,1.433,-9.73,0.192
2173342.771,1.433,-9.774,0.201
2173342.791,1.409,-9.711,0.216
2173342.81,1.428,-9.721,0.216
2173342.83,1.424,-9.774,0.182
2173342.85,1.385,-9.706,0.216
2173342.87,1.429,-9.649,0.263
2173342.889,1.506,-9.716,0.263
2173342.909,1.52,-9.75,0.315
2173342.929,1.506,-9.711,0.367
2173342.949,1.51,-9.697,0.377
2173342.968,1.491,-9.716,0.339
2173342.988,1.447,-9.716,0.315
2173343.008,1.409,-9.716,0.306
2173343.028,1.409,-9.706,0.277
2173343.048,1.394,-9.73,0.225
2173343.067,1.413,-9.745,0.206
2173343.087,1.437,-9.716,0.225
2173343.107,1.428,-9.706,0.211
2173343.127,1.409,-9.735,0.211
2173343.146,1.37,-9.73,0.24
2173343.166,1.38,-9.726,0.253
2173343.186,1.447,-9.721,0.258
2173343.206,1.476,-9.745,0.272
2173343.225,1.457,-9.764,0.287
2173343.245,1.404,-9.697,0.306
2173343.265,1.419,-9.678,0.292
2173343.285,1.424,-9.73,0.249
2173343.304,1.409,-9.735,0.258
2173343.324,1.428,-9.735,0.277
2173343.344,1.433,-9.73,0.263
2173343.364,1.419,-9.697,0.253
2173343.384,1.433,-9.735,0.268
2173343.403,1.443,-9.726,0.277
2173343.423,1.443,-9.663,0.268
2173343.443,1.471,-9.735,0.301
2173343.463,1.476,-9.706,0.334
2173343.482,1.5,-9.683,0.339
2173343.502,1.505,-9.716,0.32
2173343.522,1.462,-9.702,0.287
2173343.542,1.4,-9.687,0.292
2173343.561,1.419,-9.706,0.305
2173343.581,1.447,-9.745,0.301
2173343.601,1.467,-9.721,0.305
2173343.621,1.447,-9.678,0.292
2173343.641,1.428,-9.716,0.263
2173343.66,1.342,-9.764,0.192
2173343.68,1.226,-9.783,0.14
2173343.7,1.116,-9.802,0.092
2173343.72,1.025,-9.907,-0.026
2173343.739,0.996,-9.955,0.182
2173343.759,1.4,-9.687,0.87
2173343.779,1.822,-9.319,0.438
2173343.799,1.707,-9.247,-0.325
2173343.818,1.587,-9.735,1.026
2173343.838,2.5,-9.96,1.353
2173343.858,3.255,-9.591,0.647
2173343.878,2.654,-9.242,0.344
2173343.897,1.914,-9.285,0.652
2173343.917,1.784,-9.553,1.007
2173343.937,1.852,-9.606,1.022
2173343.957,1.948,-9.477,1.003
2173343.977,2.159,-9.414,1.107
2173343.996,2.379,-9.42,1.453
2173344.016,2.643,-9.434,1.856
2173344.036,2.979,-9.458,2.597
2173344.056,3.211,-9.381,3.146
2173344.075,2.696,-9.41,3.194
2173344.095,1.514,-9.223,3.26
2173344.115,0.438,-9.247,3.924
2173344.135,0.38,-10.506,5.157
2173344.154,0.837,-12.999,5.57
2173344.174,1.533,-14.152,5.404
2173344.194,2.038,-11.946,5.669
2173344.214,0.716,-9.879,4.726
2173344.234,-1.019,-9.649,2.36
2173344.253,-0.922,-9.535,1.923
2173344.273,0.635,-8.898,3.493
2173344.293,1.874,-8.539,4.901
2173344.313,2.095,-8.218,4.958
2173344.332,1.346,-7.223,4.109
2173344.352,0.068,-6.189,3.255
2173344.372,-0.994,-5.165,2.706
2173344.392,-0.965,-4.18,2.914
2173344.411,-0.408,-3.213,2.483
2173344.431,-0.259,-2.643,2.269
2173344.451,-0.153,-3.007,3.725
2173344.471,0.077,-4.227,6.281
2173344.491,-0.312,-5.979,8.776
2173344.51,-0.985,-7.735,9.255
2173344.53,-0.768,-7.692,7.548
2173344.55,-0.99,-7.668,7.889
2173344.57,-1.653,-8.415,8.415
2173344.589,-1.792,-9.118,7.903
2173344.609,-1.216,-8.96,7.405
2173344.629,-0.625,-7.826,7.832
2173344.649,-1.062,-6.05,7.571
2173344.668,-2.729,-5.256,4.75
2173344.688,-6.54,-10.788,8.932
2173344.708,-5.963,-27.825,7.642
2173344.728,4.656,-30.031,7.007
2173344.748,2.946,-6.596,-0.922
2173344.767,-8.995,4.574,-3.09
2173344.787,-9.889,1.061,0.491
2173344.807,1.466,-4.854,-4.844
2173344.827,5.93,-16.311,-1.771
2173344.846,10.812,-22.484,3.763
2173344.866,11.567,-15.224,1.359
2173344.886,3.109,-7.266,3.223
2173344.906,-0.72,-4.471,2.914
2173344.925,-0.01,-4.845,1.297
2173344.945,0.985,-6.084,0.894
2173344.965,1.999,-7.84,0.989
2173344.985,3.337,-9.687,1.24
2173345.004,3.837,-10.271,2.624
2173345.024,3.13,-8.462,3.279
2173345.044,2.021,-6.792,2.596
2173345.064,2.328,-6.672,1.571
2173345.084,3.741,-6.94,0.656
2173345.103,3.452,-7.5,-0.676
2173345.123,1.752,-9.194,0.851
2173345.143,0.372,-11.161,2.364
2173345.163,0.776,-9.878,2.074
2173345.182,2.569,-9.189,1.24
2173345.202,2.689,-10.768,0.741
2173345.222,2.17,-12.395,0.647
2173345.242,3.275,-13.357,1.311
2173345.261,5.62,-12.534,3.445
2173345.281,8.523,-10.974,4.436
2173345.301,9.517,-13.032,2.866
2173345.321,7.811,-15.64,1.69
2173345.341,3.448,-14.362,1.761
2173345.36,0.949,-14.114,0.504
2173345.38,-0.242,-14.869,-0.378
2173345.4,1.089,-17.736,-2.484
2173345.42,3.279,-17.291,-1.625
2173345.439,2.828,-13.272,2.14
2173345.459,0.436,-11.008,2.519
2173345.479,-0.188,-10.266,-0.492
2173345.499,0.13,-9.548,-2.413
2173345.518,0.496,-7.729,-2.195
2173345.538,1.501,-5.465,-2.133
2173345.558,1.891,-3.245,-1.821
2173345.578,1.738,-1.148,-1.375
2173345.597,0.979,-0.047,-1.413
2173345.617,0.091,0.302,-1.385
2173345.637,-0.624,0.159,-0.565
2173345.657,-1.306,-0.626,2.053
2173345.677,-0.979,-2.42,7.174
2173345.696,0.617,-7.287,13.287
2173345.716,-0.487,-17.341,14.596
2173345.736,1.527,-31.65,13.908
2173345.756,1.624,-19.49,5.267
2173345.775,-4.401,-1.74,2.791
2173345.795,-9.782,-3.817,8.719
2173345.815,-4.942,-21.298,4.93
2173345.835,8.638,-18.929,-5.138
2173345.854,6.049,-6.553,-5.371
2173345.874,-5.166,-3.82,4.313
2173345.894,-1.836,-6.538,-5.623
2173345.914,1.543,-13.181,-6.362
2173345.934,4.841,-17.976,3.065
2173345.953,9.363,-13.242,0.267
2173345.973,7.591,-9.079,-1.427
2173345.993,2.008,-8.279,0.774
2173346.013,-0.51,-7.241,2.13
2173346.032,-0.87,-6.552,2.334
2173346.052,0.447,-7.513,2.215
2173346.072,3.056,-8.83,2.002
2173346.092,3.863,-8.801,2.272
2173346.111,2.624,-7.159,1.907
2173346.131,2.509,-6.116,0.973
2173346.151,3.032,-5.925,-0.687
2173346.171,1.989,-8.815,0.057
2173346.191,0.481,-11.524,3.268
2173346.21,1.22,-9.863,4.235
2173346.23,3.869,-8.93,3.202
2173346.25,4.027,-10.098,1.494
2173346.27,4.012,-10.634,1.565
2173346.289,4.378,-11.777,3.486
2173346.309,5.104,-11.342,5.374
2173346.329,6.925,-10.395,4.212
2173346.349,9.053,-15.563,0.897
2173346.368,1.802,-18.693,0.546
2173346.388,-4.488,-17.841,0.171
2173346.408,-2.21,-17.798,-1.418
2173346.428,2.545,-19.325,-0.914
2173346.448,4.265,-17.315,0.741
2173346.467,3.434,-13.204,3.122
2173346.487,2.963,-10.807,2.335
2173346.507,2.516,-9.854,-0.354
2173346.527,1.503,-9.002,-1.819
2173346.546,1.026,-7.768,-2.455
2173346.566,0.878,-5.944,-2.991
2173346.586,1.022,-3.437,-2.521
2173346.606,0.719,-1.044,-1.905
2173346.625,0.128,0.368,-1.98
2173346.645,-0.53,1.612,-2.222
2173346.665,-0.689,1.449,-1.668
2173346.685,-0.717,-0.144,1.391
2173346.705,0.056,-3.446,8.173
2173346.724,1.522,-10.663,17.278
2173346.744,-1.054,-23.952,18.354
2173346.764,-0.843,-28.504,6.688
2173346.784,-1.337,-10.347,1.576
2173346.803,-4.067,1.865,0.704
2173346.823,-9.175,-2.963,9.989
2173346.843,-3.764,-22.526,0.689
2173346.863,7.572,-30.504,-2.863
2173346.882,5.63,-13.501,0.917
2173346.902,-4.711,-1.432,1.23
2173346.922,-2.996,-1.441,-7.434
2173346.942,1.531,-7.869,-4.338
2173346.961,6.197,-15.147,2.771
2173346.981,12.521,-15.898,-0.364
2173347.001,10.647,-13.625,0.367
2173347.021,1.656,-9.208,2.031
2173347.041,-2.385,-5.954,1.718
2173347.06,-3.822,-5.284,1.661
2173347.08,-0.871,-7.715,1.557
2173347.1,2.353,-9.778,2.121
2173347.12,2.194,-8.5,2.439
2173347.139,1.305,-6.37,1.581
2173347.159,1.954,-5.514,-0.013
2173347.179,2.733,-6.428,-1.08
2173347.199,3.035,-8.921,0.689
2173347.218,2.655,-9.797,2.918
2173347.238,2.944,-8.806,3.112
2173347.258,4.097,-9.385,2.126
2173347.278,5.005,-10.29,1.055
2173347.297,3.972,-11.223,1.903
2173347.317,2.439,-13.204,3.582
2173347.337,4.15,-12.994,4.18
2173347.357,9.695,-15.602,0.433
2173347.377,7.432,-18.966,-2.422
2173347.396,-2.049,-16.258,0.168
2173347.416,-4.048,-15.343,0.964
2173347.436,-1.237,-17.956,-1.127
2173347.456,1.7,-20.368,-1.876
2173347.475,2.795,-16.937,0.969
2173347.495,2.771,-12.309,3.554
2173347.515,2.828,-9.663,1.846
2173347.535,1.618,-8.835,-0.458
2173347.554,0.859,-8.055,-1.525
2173347.574,0.767,-6.643,-2.18
2173347.594,0.791,-4.581,-2.099
2173347.614,1.397,-2.394,-1.725
2173347.634,1.358,-0.791,-1.691
2173347.653,0.584,0.339,-1.81
2173347.673,-0.444,1.258,-1.658
2173347.693,-1.179,1.067,-0.648
2173347.713,-1.376,-0.441,2.567
2173347.732,-0.607,-3.394,7.143
2173347.752,0.647,-9.668,12.612
2173347.772,-0.434,-22.813,16.865
2173347.792,0.835,-28.178,11.099
2173347.811,-1.112,-11.697,4.535
2173347.831,-3.284,0.095,2.524
2173347.851,-5.095,-2.408,10.482
2173347.871,-0.189,-20.411,9.463
2173347.89,10.671,-25.924,-4.546
2173347.91,5.606,-10.213,-6.841
2173347.93,-8.574,-2.642,5.546
2173347.95,-6.959,-3.681,-4.826
2173347.97,0.244,-9.017,-7.994
2173347.989,4.914,-16.013,1.23
2173348.009,9.912,-15.946,0.632
2173348.029,9.599,-12.252,-0.022
2173348.049,3.492,-8.347,1.752
2173348.068,0.133,-5.37,2.173
2173348.088,-1.616,-4.131,1.894
2173348.108,0.647,-5.485,1.349
2173348.128,2.761,-8.002,1.524
2173348.147,1.339,-8.39,1.225
2173348.167,-0.376,-7.543,1.116
2173348.187,-0.299,-7.548,0.139
2173348.207,0.397,-9.577,0.063
2173348.227,1.387,-11.749,1.671
2173348.246,3.165,-10.859,2.382
2173348.266,4.429,-9.223,2.752
2173348.286,5.068,-10.103,1.984
2173348.306,5.607,-11.002,0.784
2173348.325,4.91,-12.989,2.472
2173348.345,6.601,-13.443,3.208
2173348.365,10.335,-15.903,0.556
2173348.385,5.587,-17.253,0.177
2173348.404,-0.655,-16.405,1.149
2173348.424,-3.033,-16.707,1.671
2173348.444,-3.745,-19.133,-1.682
2173348.464,-0.919,-21.411,-3.991
2173348.484,1.882,-17.401,-0.131
2173348.503,2.209,-12.05,3.563
2173348.523,1.714,-9.921,1.931
2173348.543,1.392,-8.902,-1.236
2173348.563,0.143,-8.016,-2.398
2173348.582,0.061,-6.25,-2.616
2173348.602,0.864,-4.035,-2.911
2173348.622,1.983,-1.757,-2.963
2173348.642,1.431,0.023,-2.778
2173348.661,0.032,1.449,-2.123
2173348.681,-1.328,2.297,-1.26
2173348.701,-1.606,1.019,0.955
2173348.721,-0.924,-1.303,6.014
2173348.74,0.215,-5.437,11.938
2173348.76,-1.673,-14.261,14.883
2173348.78,-3.197,-28.279,14.2
2173348.8,0.311,-21.574,6.105
2173348.82,-0.967,-5.016,2.534
2173348.839,-2.399,2.842,2.173
2173348.859,-4.902,1.143,9.202
2173348.879,-4.292,-16.147,5.83
2173348.899,6.352,-32.897,-0.274
2173348.918,8.812,-20.641,-4.921
2173348.938,-6.388,-3.748,0.599
2173348.958,-7.386,-1.388,-6.742
2173348.978,-2.086,-8.007,-8.34
2173348.997,1.729,-16.3,-0.582
2173349.017,7.779,-18.597,0.685
2173349.037,10.177,-14.161,0.22
2173349.057,4.847,-7.973,0.571
2173349.077,0.037,-5.332,1.192
2173349.096,-1.207,-4.877,2.719
2173349.116,0.489,-5.6,2.847
2173349.136,3.458,-7.533,2.738
2173349.156,4.078,-7.605,1.903
2173349.175,3.007,-6.26,-0.183
2173349.195,2.93,-6.241,-1.658
2173349.215,1.94,-9.567,1.22
2173349.235,0.407,-12.314,5.232
2173349.254,1.322,-9.796,6.005
2173349.274,5.223,-7.734,3.121
2173349.294,5.862,-10.045,0.266
2173349.314,3.474,-12.185,0.794
2173349.334,2.306,-13.051,3.108
2173349.353,1.965,-12.414,5.327
2173349.373,4.171,-12.156,4.9
2173349.393,8.769,-16.42,0.547
2173349.413,3.133,-16.166,-0.065
2173349.432,-3.099,-15.08,1.295
2173349.452,-1.436,-16.347,-1.867
2173349.472,1.159,-19.788,-3.788
2173349.492,2.043,-22.009,-1.17
2173349.511,2.159,-16.027,2.988
2173349.531,1.822,-11.662,3.719
2173349.551,1.174,-10.27,0.878
2173349.571,0.881,-8.944,-1.047
2173349.59,1.198,-7.413,-2.071
2173349.61,0.934,-5.274,-2.513
2173349.63,0.896,-3.015,-2.252
2173349.65,1.141,-1.191,-1.768
2173349.67,0.94,-0.263,-1.797
2173349.689,0.224,0.139,-2.38
2173349.709,-0.208,0.756,-2.556
2173349.729,-0.823,0.441,-0.91
2173349.749,-1.001,-1.412,2.722
2173349.768,0.522,-5.398,8.342
2173349.788,0.681,-14.624,15.996
2173349.808,-2.87,-30.694,20.587
2173349.828,-3.057,-22.573,3.69
2173349.847,-3.345,-3.713,1.376
2173349.867,-5.114,-0.134,5.378
2173349.887,-7.069,-15.816,6.445
2173349.907,1.667,-27.416,-1.921
2173349.927,7.544,-13.782,-1.57
2173349.946,-0.764,-3.201,-1.906
2173349.966,-3.714,-2.827,-3.96
2173349.986,0.467,-8.781,-7.407
2173350.006,3.388,-16.586,0.356
2173350.025,7.742,-17.337,1.636
2173350.045,9.054,-13.255,0.075
2173350.065,2.85,-9.79,1.166
2173350.085,-1.186,-6.727,2.001
2173350.104,-1.974,-5.272,2.176
2173350.124,-0.907,-6.359,1.958
2173350.144,1.952,-8.608,2.485
2173350.164,2.472,-9.053,2.878
2173350.183,1.145,-7.498,2.204
2173350.203,1.227,-6.655,1.716
2173350.223,2.071,-6.892,0.992
2173350.243,2.48,-8.03,1.191
2173350.263,2.321,-8.835,2.06
2173350.282,2.687,-8.547,2.135
2173350.302,3.243,-9.121,1.893
2173350.322,2.59,-10.328,1.139
2173350.342,2.091,-11.567,1.903
2173350.361,2.321,-12.849,3.169
2173350.381,3.359,-12.582,4.554
2173350.401,5.555,-11.782,4.108
2173350.421,8.568,-15.759,0.637
2173350.44,3.229,-15.716,-0.212
2173350.46,-2.835,-15.711,0.537
2173350.48,-3.118,-17.013,-1.374
2173350.5,-0.38,-20.645,-2.024
2173350.52,2.561,-20.315,-0.184
2173350.539,3.527,-14.281,1.476
2173350.559,2.393,-11.572,2.548
2173350.579,1.869,-10.471,1.163
2173350.599,1.279,-9.878,-1.08
2173350.618,0.495,-8.657,-2.048
2173350.638,0.264,-6.782,-2.631
2173350.658,0.255,-4.547,-2.693
2173350.678,0.399,-2.125,-2.289
2173350.697,0.048,-0.374,-2.394
2173350.717,-0.826,0.746,-2.773
2173350.737,-1.389,0.804,-1.796
2173350.757,-1.595,-0.402,-0.051
2173350.776,-0.716,-2.197,2.737
2173350.796,0.783,-6.183,8.978
2173350.816,0.74,-14.821,16.002
2173350.836,-1.149,-27.096,14.717
2173350.856,-1.696,-21.325,5.051
2173350.875,-2.696,-5.044,2.591
2173350.895,-5.29,-2.838,5.877
2173350.915,-6.218,-19.884,9.31
2173350.935,2.398,-25.723,0.608
2173350.954,7.569,-9.572,-3.66
2173350.974,-0.308,-0.79,-3.721
2173350.994,-4.738,-2.867,-2.413
2173351.014,-1.745,-10.395,-6.506
2173351.033,2.345,-18.367,-1.412
2173351.053,6.564,-18.028,1.604
2173351.073,7.294,-11.864,0.253
2173351.093,2.571,-8.667,0.129
2173351.113,-0.432,-6.839,1.225
2173351.132,-1.288,-5.623,2.5
2173351.152,-0.688,-6.308,2.453
2173351.172,2.542,-8.284,2.055
2173351.192,4.017,-8.897,1.917
2173351.211,2.515,-6.934,0.47
2173351.231,1.67,-5.834,-1.413
2173351.251,1.463,-7.437,-1.109
2173351.271,-0.089,-11.829,3.344
2173351.29,-1.343,-12.715,6.777
2173351.31,0.656,-8.681,3.913
2173351.33,2.434,-8.159,1.215
2173351.35,1.93,-9.939,1.769
2173351.37,2.929,-10.614,2.045
2173351.389,3.986,-10.59,2.452
2173351.409,5.928,-12.619,2.732
2173351.429,9.681,-16.399,-0.251
2173351.449,4.688,-16.404,-1.086
2173351.468,-3.697,-13.466,1.276
2173351.488,-6.099,-14.332,0.489
2173351.508,-4.293,-17.256,-3.305
2173351.528,-2.996,-19.199,-2.793
2173351.547,-1.352,-15.404,-1.105
2173351.567,0.47,-11.255,0.792
2173351.587,2.051,-10.159,1.29
2173351.607,4.573,-9.245,-0.469
2173351.627,4.689,-8.781,-2.651
2173351.646,2.238,-8.078,-4.462
2173351.666,-0.487,-6.785,-4.618
2173351.686,-3.052,-6.154,-4.106
2173351.706,-4.749,-5.799,-3.552
2173351.725,-5.196,-5.259,-2.722
2173351.745,-4.283,-5.144,-1.565
2173351.765,-1.356,-6.652,-1.527
2173351.785,1.445,-8.805,-2.143
2173351.804,1.877,-10.556,-0.711
2173351.824,0.792,-13.466,3.827
2173351.844,0.287,-16.323,6.824
2173351.864,-0.496,-13.815,4.96
2173351.884,-3.874,-9.767,0.892
2173351.903,-5.181,-9.273,-3.969
2173351.923,-1.313,-10.178,-6.72
2173351.943,2.517,-9.881,-4.221
2173351.963,2.488,-9.336,-1.015
2173351.982,2.306,-9.47,1.124
2173352.002,2.104,-9.178,1.783
2173352.022,0.917,-9.388,2.234
2173352.042,-0.111,-9.494,1.603
2173352.061,-0.202,-8.852,0.275
2173352.081,0.192,-9.254,-0.602
2173352.101,0.374,-10.164,-1.072
2173352.121,0.259,-10.341,-1.465
2173352.14,0.365,-10.437,-1.356
2173352.16,0.576,-10.322,-0.46
2173352.18,0.567,-9.953,0.45
2173352.2,0.437,-9.833,0.844
2173352.22,0.309,-9.72,0.684
2173352.239,0.261,-9.629,0.181
2173352.259,0.333,-9.7,-0.326
2173352.279,0.424,-9.863,-0.549
2173352.299,0.52,-10.04,-0.568
2173352.318,0.419,-9.935,-0.492
2173352.338,0.395,-9.547,-0.431
2173352.358,0.535,-9.37,-0.578
2173352.378,0.717,-9.672,-0.772
2173352.397,0.751,-9.944,-0.644
2173352.417,0.847,-9.949,-0.25
2173352.437,1.126,-9.892,-0.042
2173352.457,1.443,-9.883,0.119
2173352.477,1.808,-9.983,0.537
2173352.496,2.164,-10.035,0.859
2173352.516,2.303,-9.907,0.968
2173352.536,2.115,-9.681,0.859
2173352.556,1.721,-9.672,0.617
2173352.575,1.337,-9.772,0.452
2173352.595,0.707,-9.763,0.413
2173352.615,0.04,-9.768,0.608
2173352.635,-0.378,-9.844,0.973
2173352.654,-0.58,-9.978,1.537
2173352.674,-0.504,-10.059,1.831
2173352.694,-0.35,-9.887,1.808
2173352.714,-0.081,-9.748,1.737
2173352.733,0.563,-9.839,1.708
2173352.753,1.471,-9.772,1.955
2173352.773,2.033,-9.715,2.111
2173352.793,1.904,-9.83,1.96
2173352.813,1.231,-9.729,1.708
2173352.832,0.88,-9.232,1.751
2173352.852,0.9,-9.112,2.007
2173352.872,1.24,-11.486,2.576
2173352.892,1.394,-15.726,3.724
2173352.911,1.361,-13.835,3.482
2173352.931,1.245,-10.05,3.444
2173352.951,2.197,-9.279,3.017
2173352.971,4.537,-9.418,2.007
2173352.99,7.603,-10.136,0.38
2173353.01,7.982,-10.686,-1.128
2173353.03,5.344,-10.581,0.081
2173353.05,2.254,-10.021,1.03
2173353.07,0.111,-9.6,0.328
2173353.089,-0.403,-9.303,-0.435
2173353.109,0.207,-9.045,-0.577
2173353.129,0.673,-8.782,-0.445
2173353.149,0.981,-8.758,-0.146
2173353.168,0.986,-8.964,-0.041
2173353.188,1.005,-9.102,-0.041
2173353.208,0.945,-9.207,0.114
2173353.228,0.786,-9.241,0.209
2173353.247,0.628,-9.236,0.133
2173353.267,0.633,-9.513,0.095
2173353.287,1.373,-10.317,0.456
2173353.307,1.061,-11.365,0.731
2173353.326,-1.212,-12.188,1.423
2173353.346,-4.326,-12.624,0.911
2173353.366,-6.825,-11.131,-1.816
2173353.386,-6.68,-9.91,-1.726
2173353.406,-4.206,-9.647,-1.048
2173353.425,-1.029,-10.437,-2.276
2173353.445,3.142,-10.432,-2.494
2173353.465,6.298,-10.71,-1.043
2173353.485,5.924,-10.82,1.186
2173353.504,3.896,-9.193,2.372
2173353.524,1.638,-8.657,1.513
2173353.544,0.22,-9.154,0.171
2173353.564,-0.616,-9.891,-0.73
2173353.583,-1,-10.374,-1.138
2173353.603,-1.221,-10.734,-1.356
2173353.623,-1.437,-10.891,-0.972
2173353.643,-0.986,-10.551,-0.322
2173353.663,-0.039,-9.752,0
2173353.682,0.643,-9.355,0.351
2173353.702,0.792,-9.508,0.559
2173353.722,0.768,-9.671,0.114
2173353.742,0.956,-9.695,-0.967
2173353.761,0.97,-9.766,-1.736
2173353.781,0.778,-9.771,-1.807
2173353.801,0.48,-9.762,-1.238
2173353.821,-0.063,-9.872,-0.564
2173353.84,-0.908,-10.054,-0.104
2173353.86,-1.745,-10.14,0.109
2173353.88,-2.062,-10.159,0.256
2173353.9,-1.668,-9.982,0.213
2173353.919,-0.899,-9.666,-0.28
2173353.939,-0.246,-9.561,-0.82
2173353.959,-0.019,-9.666,-1.105
2173353.979,0.144,-9.824,-1.138
2173353.999,0.317,-9.814,-0.731
2173354.018,0.582,-9.718,-0.086
2173354.038,0.913,-9.809,0.379
2173354.058,1.052,-9.968,0.493
2173354.078,0.952,-9.944,0.308
2173354.097,0.577,-10.039,-0.071
2173354.117,0.106,-10.149,-0.261
2173354.137,-0.288,-9.901,-0.18
2173354.157,-0.471,-9.766,0
2173354.176,-0.461,-9.675,0.099
2173354.196,-0.37,-9.805,0.085
2173354.216,-0.275,-10.025,-0.061
2173354.236,-0.074,-9.714,-0.199
2173354.256,0.089,-9.647,-0.298
2173354.275,-0.016,-9.858,-0.166
2173354.295,-0.069,-9.892,0.299
2173354.315,-0.04,-9.868,0.868
2173354.335,-0.108,-10.25,1.65
2173354.354,-0.04,-10.686,2.599
2173354.374,0.056,-10.71,3.41
2173354.394,-0.098,-10.973,3.837
2173354.414,-0.242,-11.293,3.951
2173354.433,-0.607,-11.509,3.32
2173354.453,-1.496,-11.586,1.793
2173354.473,-1.78,-11.341,1.219
2173354.493,-0.982,-10.959,3.282
2173354.513,-0.569,-10.896,3.097
2173354.532,-0.329,-10.575,0.456
2173354.552,0.378,-10.647,1.646
2173354.572,0.421,-10.423,4.43
2173354.592,-0.324,-9.834,4.468
2173354.611,-0.929,-9.336,3.984
2173354.631,-1.338,-8.911,3.742
2173354.651,-1.16,-7.982,3.467
2173354.671,-0.477,-6.393,2.974
2173354.69,-0.156,-4.46,2.974
2173354.71,0.108,-2.876,2.751
2173354.73,0.584,-1.397,1.584
2173354.75,0.234,-0.808,1.755
2173354.769,-0.386,-2.675,4.534
2173354.789,-1.275,-4.895,8.043
2173354.809,-2.991,-6.795,10.704
2173354.829,-5.014,-8.312,10.547
2173354.849,-5.586,-8.772,8.427
2173354.868,-5.456,-8.954,7.156
2173354.888,-3.245,-8.829,7.488
2173354.908,-2.112,-8.121,8.157
2173354.928,-1.833,-5.589,5.426
2173354.947,-1.703,-2.895,4.705
2173354.967,-7.493,-10.49,14.151
2173354.987,-5.797,-28.301,8.281
2173355.007,1.829,-27.388,6.132
2173355.026,-3.323,0.053,-5.871
2173355.046,-13.932,6.542,1.006
2173355.066,-3.01,0.895,3.088
2173355.086,7.201,-7.097,-9.218
2173355.105,2.209,-20.147,1.992
2173355.125,4.4,-23.248,4.799
2173355.145,4.001,-13.5,0.527
2173355.165,-1.203,-7.317,1.674
2173355.185,-2.506,-5.948,2.11
2173355.204,-1.279,-6.704,0.972
2173355.224,0.417,-7.651,0.564
2173355.244,1.504,-8.537,0.621
2173355.264,1.979,-8.814,1.067
2173355.283,2.022,-8.92,1.94
2173355.303,1.677,-8.096,2.153
2173355.323,0.639,-7.254,1.304
2173355.343,0.014,-6.881,0.546
2173355.362,-0.269,-7.249,0.057
2173355.382,-0.985,-8.091,-1.28
2173355.402,-2.283,-10.561,0.033
2173355.422,-1.884,-12.614,1.204
2173355.442,1.177,-12.336,2.309
2173355.461,3.878,-10.987,3.633
2173355.481,3.882,-11.216,3.163
2173355.501,3.08,-12.346,1.655
2173355.521,3.09,-14.542,1.622
2173355.54,7.112,-15.787,0.982
2173355.56,7.895,-14.883,-0.669
2173355.58,0.932,-14.36,1.921
2173355.6,-2.244,-12.236,3.163
2173355.619,-2.662,-12.795,1.622
2173355.639,-2.907,-16.452,-1.361
2173355.659,-2.335,-20.189,-7.095
2173355.679,-1.571,-18.921,-1.873
2173355.699,-1.946,-14.002,4.069
2173355.718,-2.157,-12.274,2.86
2173355.738,-1.84,-11.485,-1.267
2173355.758,-1.201,-10.035,-2.224
2173355.778,-0.85,-7.976,-1.935
2173355.797,0.202,-5.335,-2.338
2173355.817,0.885,-3.143,-2.016
2173355.837,1.384,-1.401,-1.285
2173355.857,1.716,-0.071,-0.968
2173355.876,1.649,0.47,-0.636
2173355.896,1.053,1.403,-0.356
2173355.916,0.457,1.805,0.659
2173355.936,0.063,0.016,3.917
2173355.956,0.741,-5.33,9.257
2173355.975,-1.071,-15.504,14.971
2173355.995,-7.649,-33.038,18.864
2173356.015,-7.212,-23.089,3.945
2173356.035,-5.905,-2.957,0.156
2173356.054,-5.823,3.811,2.328
2173356.074,-9.009,-8.317,9.114
2173356.094,-0.581,-23.912,3.063
2173356.114,8.112,-20.108,-6.312
2173356.133,-3.108,-6.101,-2.281
2173356.153,-11.777,-2.731,2.366
2173356.173,-2.599,-4.736,-8.56
2173356.193,1.822,-12.925,-2.969
2173356.212,4.436,-19.773,2.893
2173356.232,9.188,-17.352,-0.807
2173356.252,6.036,-12.035,0.569
2173356.272,0.477,-7.407,1.707
2173356.292,-1.715,-4.861,1.318
2173356.311,-1.604,-4.99,1.489
2173356.331,-0.61,-7.091,1.911
2173356.351,0.76,-9.163,2.28
2173356.371,0.832,-8.728,1.83
2173356.39,0.049,-7.177,0.858
2173356.41,0.434,-6.215,-0.408
2173356.43,-0.278,-7.919,-0.01
2173356.45,-1.392,-11.714,2.973
2173356.469,0.386,-12.092,3.58
2173356.489,4.422,-9.221,2.195
2173356.509,4.518,-10.365,1.664
2173356.529,1.553,-12.633,1.986
2173356.549,0.856,-14.767,1.607
2173356.568,3.105,-17.232,0.692
2173356.588,3.932,-17.035,0.934
2173356.608,-0.066,-14.217,3.428
2173356.628,-2.012,-12.279,3.21
2173356.647,-2.411,-12.082,1.801
2173356.667,-2.291,-14.935,-2.324
2173356.687,-1.21,-21.208,-7.541
2173356.707,-0.129,-19.869,-0.816
2173356.726,-1.464,-14.49,4.367
2173356.746,-2.324,-12.288,2.551
2173356.766,-2.137,-11.173,-0.342
2173356.786,-0.984,-9.776,-1.247
2173356.806,0.16,-7.818,-1.827
2173356.825,0.496,-4.727,-1.679
2173356.845,0.621,-2.487,-1.456
2173356.865,1.222,-0.64,-1.642
2173356.885,1.376,0.169,-1.637
2173356.904,1.025,0.322,-1.533
2173356.924,0.496,0.977,-0.992
2173356.944,-0.114,1.126,0.54
2173356.964,-0.657,-0.343,2.427
2173356.983,0.078,-5.11,8.379
2173357.003,0.098,-15.174,18.124
2173357.023,-6.928,-28.602,18.286
2173357.043,-9.421,-20.969,4.542
2173357.062,-5.342,-3.597,-0.262
2173357.082,-3.391,1.489,-0.641
2173357.102,-10.81,-7.742,8.512
2173357.122,-8.302,-29.009,2.446
2173357.142,7.219,-24.367,0.151
2173357.161,3.115,-3.119,-5.502
2173357.181,-8.013,1.949,1.057
2173357.201,-3.785,-3.497,-6.919
2173357.221,0.9,-13.762,-4.055
2173357.24,3.47,-21.237,3.651
2173357.26,9.491,-17.213,-0.465
2173357.28,5.931,-11.322,0.474
2173357.3,-0.124,-7.187,2.02
2173357.319,-2.234,-4.784,2.257
2173357.339,-1.907,-5.01,2.324
2173357.359,-0.855,-7.709,1.759
2173357.379,0.404,-10.024,1.968
2173357.399,-0.004,-9.024,1.754
2173357.418,-0.951,-6.622,1.247
2173357.438,-0.389,-6.101,-0.716
2173357.458,-0.696,-7.723,-0.669
2173357.478,-1.114,-10.278,1.038
2173357.497,0.722,-10.848,2.475
2173357.517,2.5,-10.02,3.305
2173357.537,2.37,-11.087,2.579
2173357.557,1.077,-12.336,2.091
2173357.576,0.116,-13.867,3.215
2173357.596,2.99,-15.887,3.471
2173357.616,6.665,-17.73,1.583
2173357.636,1.644,-15.045,1.076
2173357.655,-4.088,-13.327,2.096
2173357.675,-6.064,-14.681,0.73
2173357.695,-5.391,-18.586,-4.619
2173357.715,-3.473,-22.788,-5.511
2173357.735,-1.374,-16.916,0.829
2173357.754,-0.961,-11.714,3.756
2173357.774,-0.6,-10.082,1.996
2173357.794,-0.504,-9.776,-0.764
2173357.814,-0.321,-8.948,-2.253
2173357.833,0.28,-7.221,-2.613
2173357.853,0.664,-5.22,-3.277
2173357.873,1.034,-3.578,-3.202
2173357.893,0.573,-1.899,-3.083
2173357.912,-0.34,-0.325,-2.699
2173357.932,-0.946,1.365,-2.599
2173357.952,-1.239,2.064,-1.229
2173357.972,-1.758,0.235,2.821
2173357.992,-1.388,-3.861,8.944
2173358.011,-1.994,-11.504,16.313
2173358.031,-7.063,-25.037,15.498
2173358.051,-5.843,-22.744,5.889
2173358.071,-2.993,-6.105,1.659
2173358.09,-1.08,2.403,0.877
2173358.11,-5.449,-2.181,4.841
2173358.13,-8.043,-23.621,4.235
2173358.15,0.89,-33.536,2.736
2173358.169,4.657,-12.255,-6.298
2173358.189,-6.275,2.355,-3.429
2173358.209,-6.519,0.274,-6.73
2173358.229,-2.098,-10.072,-7.517
2173358.248,0.583,-19.131,1.47
2173358.268,6.686,-20.624,0.478
2173358.288,7.945,-13.958,-1.319
2173358.308,1.006,-7.1,-0.228
2173358.328,-2.761,-4.832,1.351
2173358.347,-2.997,-5.22,2.143
2173358.367,-1.387,-8.129,2.536
2173358.387,0.007,-9.852,2.337
2173358.407,0.002,-7.665,1.583
2173358.426,0.065,-6.464,0.104
2173358.446,-0.286,-8.885,0.426
2173358.466,-0.949,-11.077,2.432
2173358.486,-0.32,-9.66,3.618
2173358.505,1.78,-8.527,3.537
2173358.525,2.698,-10.469,1.688
2173358.545,2.112,-10.924,0.056
2173358.565,0.819,-12.719,1.678
2173358.584,0.185,-14.341,4.187
2173358.604,3.558,-17.585,2.64
2173358.624,4.356,-19.045,-0.959
2173358.644,-1.925,-13.891,0.644
2173358.664,-5.235,-12.273,2.2
2173358.683,-5.11,-14.9,-1.765
2173358.703,-3.169,-20.337,-6.735
2173358.723,-2.515,-21.065,-1.11
2173358.743,-1.819,-14.35,3.712
2173358.762,-0.905,-10.9,2.214
2173358.782,-1.045,-9.751,-0.702
2173358.802,-0.983,-8.665,-1.689
2173358.822,0.113,-7.277,-2.026
2173358.841,0.767,-5.201,-2.391
2173358.861,1.213,-3.382,-2.358
2173358.881,1.367,-2.128,-2.012
2173358.901,0.68,-1.132,-1.907
2173358.921,-0.127,0.121,-2.007
2173358.94,-0.492,1.145,-2.064
2173358.96,-1.103,0.71,-0.281
2173358.98,-0.858,-1.745,3.404
2173359,0.06,-6.899,10.077
2173359.019,-3.596,-17.576,18.304
2173359.039,-9.396,-30.238,14.937
2173359.059,-5.835,-17.255,1.815
2173359.079,-6.84,-4.86,3.063
2173359.098,-11.986,-15.059,5.614
2173359.118,-4.951,-22.108,0.265
2173359.138,3.804,-6.358,-2.709
2173359.158,0.143,0.49,-2.377
2173359.178,-0.819,-1.343,-1.955
2173359.197,2.339,-9.541,-9.206
2173359.217,0.686,-20.701,0.653
2173359.237,3.751,-19.681,4.713
2173359.257,5.529,-10.943,-0.746
2173359.276,0.446,-8.354,-0.319
2173359.296,-3.207,-7.627,0.492
2173359.316,-3.308,-6.579,1.706
2173359.336,-2.049,-6.789,1.73
2173359.355,-0.544,-8.22,1.768
2173359.375,0.431,-8.961,2.109
2173359.395,0.474,-7.713,2.114
2173359.415,0.565,-6.65,1.104
2173359.434,1.215,-6.77,-0.717
2173359.454,0.191,-8.766,-0.371
2173359.474,-2.173,-11.895,2.683
2173359.494,-2.275,-11.264,3.029
2173359.514,0.734,-9.727,1.677
2173359.533,1.839,-11.115,1.161
2173359.553,1.143,-12.134,1.54
2173359.573,0.849,-13.441,3.124
2173359.593,1.364,-13.805,4.769
2173359.612,5.054,-16.719,3.081
2173359.632,5.914,-17.6,-0.38
2173359.652,-2.221,-13.69,1.246
2173359.672,-7.065,-13.307,2.366
2173359.691,-6.691,-15.135,-2.225
2173359.711,-4.639,-19.025,-5.35
2173359.731,-2.409,-18.963,-1.419
2173359.751,-0.607,-13.742,2.541
2173359.771,0.032,-11.01,2.475
2173359.79,-0.275,-9.593,-0.3
2173359.81,-0.905,-8.387,-1.589
2173359.83,-0.358,-7.339,-2.135
2173359.85,-0.156,-5.674,-2.766
2173359.869,0.258,-3.659,-2.581
2173359.889,0.522,-1.903,-2.301
2173359.909,-0.146,-0.664,-2.073
2173359.929,-0.766,0.337,-1.761
2173359.948,-1.011,0.581,-1.238
2173359.968,-1.467,-0.525,0.616
2173359.988,-1.938,-3.166,3.93
2173360.008,-2.092,-8.966,11.172
2173360.028,-4.072,-20.303,18.138
2173360.047,-6.705,-28.577,13.211
2173360.067,-6.364,-13.723,3.105
2173360.087,-4.321,-0.764,1.616
2173360.107,-4.826,0.911,3.973
2173360.126,-10.342,-15.662,6.244
2173360.146,-3.284,-28.688,3.779
2173360.166,7.869,-16.446,-4.122
2173360.186,1.137,-2.3,-7.646
2173360.205,-7.32,-1.214,-1.443
2173360.225,-4.596,-7.186,-5.664
2173360.245,-0.377,-12.939,-1.979
2173360.265,2.458,-16.126,1.019
2173360.285,5.697,-15.814,-0.637
2173360.304,2.382,-11.417,0.189
2173360.324,-0.819,-6.631,1.635
2173360.344,-1.121,-5.129,2.783
2173360.364,-0.285,-6.182,2.678
2173360.383,1.286,-8.158,2.332
2173360.403,1.411,-8.99,1.74
2173360.423,0.407,-8.254,0.871
2173360.443,-0.747,-8.617,0.573
2173360.462,-1.602,-9.771,1.246
2173360.482,-1.804,-10.182,2.204
2173360.502,-0.52,-10.158,1.545
2173360.522,0.777,-9.378,1.194
2173360.541,0.983,-9.545,2.019
2173360.561,1.397,-11.402,1.488
2173360.581,1.555,-12.369,0.274
2173360.601,2.295,-16.289,-0.039
2173360.621,4.674,-20.093,-0.94
2173360.64,0.613,-17.767,0.075
2173360.66,-4.34,-12.976,3.318
2173360.68,-3.234,-10.311,3.641
2173360.7,-3.148,-11.344,1.991
2173360.719,-3.268,-15.288,-3.34
2173360.739,-2.485,-16.049,-7.252
2173360.759,-2.446,-15.556,-2.742
2173360.779,-3.033,-13.661,3.959
2173360.798,-2.139,-11.536,3.432
2173360.818,-2.043,-9.675,-1.353
2173360.838,-1.341,-7.104,-2.467
2173360.858,-0.241,-5.549,-1.424
2173360.878,0.317,-4.315,-1.182
2173360.897,1.032,-3.333,-1.343
2173360.917,1.253,-2.712,-1.078
2173360.937,0.653,-2.166,-0.433
2173360.957,-0.231,-1.453,0.345
2173360.976,-1.038,-0.62,1.008
2173360.996,-1.942,-0.184,1.948
2173361.016,-2.639,-1.649,4.75
2173361.036,-2.768,-6.88,10.726
2173361.055,-3.643,-16.987,12.864
2173361.075,-5.704,-26.592,9.27
2173361.095,-5.795,-15.546,2.673
2173361.115,-5.056,-3.587,2.991
2173361.134,-9.591,-12.273,6.088
2173361.154,-7.823,-23.773,2.521
2173361.174,4.06,-13.416,1.715
2173361.194,6.122,-4.272,-5.72
2173361.214,-1.408,-5.008,-5.659
2173361.233,-4.868,-11.574,-4.079
2173361.253,-3.037,-15.709,-0.836
2173361.273,1.014,-13.249,0.828
2173361.293,3.363,-9.827,-0.765
2173361.312,1.533,-9.784,0.188
2173361.332,-1.413,-9.426,1.042
2173361.352,-2.552,-8.033,2.09
2173361.372,-2.484,-7.497,2.972
2173361.391,-1.379,-7.952,2.521
2173361.411,-0.01,-8.99,2.095
2173361.431,0.677,-9.488,2.033
2173361.451,0.721,-8.957,2.113
2173361.47,0.404,-9.167,1.871
2173361.49,0.577,-9.732,1.303
2173361.51,0.461,-10.024,0.696
2173361.53,-0.361,-10.717,1.061
2173361.55,-0.48,-9.904,1.692
2173361.569,0.317,-8.368,2.17
2173361.589,0.432,-8.263,1.317
2173361.609,-0.913,-8.928,0.292
2173361.629,-2.354,-9.789,-0.253
2173361.648,-2.278,-10.024,-0.661
2173361.668,-1.346,-9.856,-1.182
2173361.688,-0.198,-10.909,-0.689
2173361.708,1.73,-13.952,-0.319
2173361.727,1.556,-17.485,-1.097
2173361.747,-0.236,-15.427,-0.03
2173361.767,-1.827,-13.331,0.487
2173361.787,-3.446,-11.168,-0.414
2173361.807,-4.623,-8.536,-0.665
2173361.826,-5.089,-6.621,-0.177
2173361.846,-5.065,-6.99,-1.415
2173361.866,-4.407,-10.139,-2.092
2173361.886,-2.317,-12.316,-1.633
2173361.905,-0.395,-11.837,-0.698
2173361.925,-0.419,-10.239,-0.357
2173361.945,-1.461,-8.985,-0.281
2173361.965,-2.245,-8.708,-0.362
2173361.984,-2.528,-8.449,-0.684
2173362.004,-2.264,-7.655,-0.708
2173362.024,-1.759,-6.837,-0.561
2173362.044,-1.677,-6.468,-0.181
2173362.063,-2.014,-6.42,0.321
2173362.083,-2.456,-6.573,0.625
2173362.103,-2.596,-7.033,0.179
2173362.123,-2.648,-8.224,-0.438
2173362.143,-3.398,-11.426,0.956
2173362.162,-3.455,-16.523,3.579
2173362.182,-0.717,-17.097,3.821
2173362.202,0.35,-11.522,3.522
2173362.222,-3.297,-6.947,1.189
2173362.241,-4.907,-6.076,-2.581
2173362.261,-4.489,-6.655,-2.487
2173362.281,-3.46,-9.268,-0.03
2173362.301,-1.894,-10.316,-0.693
2173362.32,0.23,-10.411,-1.206
2173362.34,1.436,-10.272,-0.456
2173362.36,0.764,-10.244,0.886
2173362.38,-0.746,-10.569,1.161
2173362.4,-1.788,-10.593,0.814
2173362.419,-1.971,-10.392,1.303
2173362.439,-1.649,-9.99,1.488
2173362.459,-1.548,-9.445,0.52
2173362.479,-1.337,-9.062,-0.779
2173362.498,-1.389,-9.335,-1.576
2173362.518,-1.697,-9.823,-1.258
2173362.538,-1.63,-10.067,-0.39
2173362.558,-1.274,-9.851,0.378
2173362.577,-0.832,-9.808,0.691
2173362.597,-0.649,-9.962,0.582
2173362.617,-0.957,-9.775,0.198
2173362.637,-1.513,-9.621,0.198
2173362.657,-1.571,-9.751,0.406
2173362.676,-1.316,-9.827,0.468
2173362.696,-1.057,-9.794,0.449
2173362.716,-0.889,-9.856,0.444
2173362.736,-0.831,-9.88,0.444
2173362.755,-0.946,-9.722,0.226
2173362.775,-1.167,-9.655,0.108
2173362.795,-1.398,-9.746,0.174
2173362.815,-1.561,-9.77,0.193
2173362.834,-1.58,-9.736,0.24
2173362.854,-1.556,-9.765,0.24
2173362.874,-1.47,-9.741,0.146
2173362.894,-1.398,-9.717,0.098
2173362.914,-1.412,-9.756,0.165
2173362.933,-1.45,-9.746,0.255
2173362.953,-1.436,-9.746,0.335
2173362.973,-1.374,-9.78,0.411
2173362.993,-1.263,-9.751,0.383
2173363.012,-1.253,-9.732,0.335
2173363.032,-1.34,-9.741,0.292
2173363.052,-1.398,-9.679,0.269
2173363.072,-1.436,-9.693,0.331
2173363.091,-1.465,-9.77,0.335
2173363.111,-1.489,-9.741,0.311
2173363.131,-1.489,-9.732,0.373
2173363.151,-1.47,-9.746,0.364
2173363.17,-1.474,-9.727,0.373
2173363.19,-1.45,-9.655,0.373
2173363.21,-1.403,-9.669,0.302
2173363.23,-1.355,-9.751,0.264
2173363.25,-1.344,-9.756,0.283
2173363.269,-1.374,-9.746,0.326
2173363.289,-1.417,-9.736,0.34
2173363.309,-1.407,-9.746,0.34
2173363.329,-1.379,-9.756,0.316
2173363.348,-1.316,-9.76,0.283
2173363.368,-1.373,-9.722,0.235
2173363.388,-1.431,-9.717,0.269
2173363.408,-1.446,-9.775,0.302
2173363.427,-1.446,-9.77,0.292
2173363.447,-1.407,-9.712,0.316
2173363.467,-1.388,-9.727,0.344
2173363.487,-1.354,-9.775,0.307
2173363.507,-1.388,-9.717,0.268
2173363.526,-1.479,-9.703,0.259
2173363.546,-1.441,-9.732,0.307
2173363.566,-1.378,-9.736,0.311
2173363.586,-1.402,-9.741,0.259
2173363.605,-1.47,-9.756,0.278
2173363.625,-1.502,-9.731,0.301
2173363.645,-1.478,-9.726,0.235
2173363.665,-1.497,-9.741,0.249
2173363.684,-1.478,-9.736,0.249
2173363.704,-1.449,-9.726,0.197
2173363.724,-1.439,-9.717,0.14
2173363.744,-1.463,-9.702,0.15
2173363.763,-1.482,-9.731,0.192
2173363.783,-1.497,-9.736,0.169
2173363.803,-1.521,-9.726,0.164
2173363.823,-1.487,-9.726,0.197
2173363.843,-1.473,-9.75,0.197
2173363.862,-1.473,-9.774,0.15
2173363.882,-1.449,-9.702,0.054
2173363.902,-1.492,-9.669,0.088
2173363.922,-1.492,-9.731,0.135
2173363.941,-1.473,-9.769,0.107
2173363.961,-1.497,-9.745,0.14
2173363.981,-1.482,-9.731,0.22
2173364.001,-1.41,-9.745,0.22
2173364.02,-1.347,-9.726,0.207
2173364.04,-1.309,-9.755,0.249
2173364.06,-1.256,-9.779,0.282
2173364.08,-1.189,-9.741,0.268
2173364.1,-1.194,-9.75,0.264
2173364.119,-1.232,-9.76,0.287
2173364.139,-1.232,-9.745,0.211
2173364.159,-1.275,-9.774,0.192
2173364.179,-1.337,-9.779,0.163
2173364.198,-1.4,-9.75,0.031
2173364.218,-1.539,-9.721,-0.026
2173364.238,-1.625,-9.741,-0.026
2173364.258,-1.625,-9.765,-0.102
2173364.277,-1.611,-9.736,-0.131
2173364.297,-1.611,-9.697,-0.135
2173364.317,-1.693,-9.693,-0.097
2173364.337,-1.712,-9.731,-0.059
2173364.356,-1.63,-9.745,-0.059
2173364.376,-1.625,-9.707,-0.031
2173364.396,-1.597,-9.726,0.059
2173364.416,-1.457,-9.741,0.045
2173364.436,-1.332,-9.764,-0.026
2173364.455,-1.361,-9.645,-0.007
2173364.475,-1.467,-9.664,0.087
2173364.495,-1.433,-9.721,0.092
2173364.515,-1.356,-9.754,0.04
2173364.534,-1.337,-9.826,0.111
2173364.554,-1.318,-9.845,0.173
2173364.574,-1.207,-9.573,0.149
2173364.594,-1.116,-9.63,0.059
2173364.613,-1.275,-9.846,0.064
2173364.633,-1.443,-9.898,0.126
2173364.653,-1.534,-9.779,0.192
2173364.673,-1.597,-9.602,0.192
2173364.693,-1.563,-9.736,0.078
2173364.712,-1.337,-9.693,0.012
2173364.732,-1.313,-9.487,-0.04
2173364.752,-1.534,-9.76,-0.05
2173364.772,-1.755,-9.808,0.012
2173364.791,-1.664,-9.568,0.258
2173364.811,-1.688,-9.487,0.192
2173364.831,-1.438,-9.114,-0.093
2173364.851,-1.159,-9.645,-0.069
2173364.87,-1.188,-9.941,-0.14
2173364.89,-1.433,-9.075,-0.192
2173364.91,-1.664,-9.999,-0.311
2173364.93,-1.606,-11.085,-0.292
2173364.949,-1.495,-10.559,-0.429
2173364.969,-1.904,-10.707,-0.33
2173364.989,-2.039,-11.143,-0.372
2173365.009,-1.87,-11.645,-0.334
2173365.029,-1.558,-12.176,-1.084
2173365.048,-1.26,-13.248,-2.478
2173365.068,-1.346,-13.421,-1.577
2173365.088,-1.928,-14.143,-0.932
2173365.108,-1.443,-12.554,-0.97
2173365.127,-1.524,-10.707,-0.15
2173365.147,-3.345,-10.635,0.178
2173365.167,-3.052,-10.023,0.458
2173365.187,4.612,-10.563,-4.527
2173365.206,6.361,-13.698,0.917
2173365.226,1.892,-11.028,-0.567
2173365.246,-1.74,-10.755,-1.25
2173365.266,-2.461,-9.563,2.079
2173365.286,-0.102,-13.727,-5.674
2173365.305,1.546,-14.904,-1.364
2173365.325,1.965,-14.32,-7.277
2173365.345,1.037,-15.474,-3.602
2173365.365,1.946,-11.602,10.947
2173365.384,3.555,-9.271,14.291
2173365.404,4.502,-10.731,7.476
2173365.424,5.151,-12.028,-0.069
2173365.444,5.126,-12.874,-0.78
2173365.463,5.141,-12.889,0.135
2173365.483,4.516,-13.636,-0.719
2173365.503,3.522,-14.397,-1.25
2173365.523,3.134,-14.406,-0.226
2173365.542,3.394,-14.013,-0.24
2173365.562,3.293,-13.889,-0.776
2173365.582,2.846,-11.888,-1.075
2173365.602,2.351,-7.931,-4.286
2173365.622,0.669,-8.849,-2.057
2173365.641,-0.705,-11.013,0.713
2173365.661,-0.186,-9.433,0.272
2173365.681,1.063,-4.935,-1.677
2173365.701,0.698,-2.59,2.942
2173365.72,-1.527,-2.906,27.882
2173365.74,-0.643,-6.955,12.232
2173365.76,1.332,-5.945,-0.055
2173365.78,0.635,-1.643,5.024
2173365.799,-1.2,-1.633,6.636
2173365.819,-3.123,-1.135,6.034
2173365.839,-0.34,0.338,7.831
2173365.859,0.683,1.267,9.406
2173365.879,-0.181,1.076,9.629
2173365.898,0.159,-0.116,9.728
2173365.918,0.328,-0.638,11.241
2173365.938,0.284,-0.102,10.62
2173365.958,-0.413,0.698,9.515
2173365.977,-1.066,0.186,9.434
2173365.997,-1.724,-0.69,9.226
2173366.017,-2.046,1.234,8.149
2173366.037,-1.859,3.181,8.097
2173366.056,-1.868,3.205,8.149
2173366.076,-2.172,2.219,7.609
2173366.096,-2.325,2.99,7.741
2173366.116,-1.768,3.143,8.557
2173366.135,-0.879,2.588,8.879
2173366.155,-0.278,3.186,10.895
2173366.175,-0.139,4.177,9.718
2173366.195,-0.72,4.009,8.808
2173366.215,-0.475,4.124,9.302
2173366.234,-0.253,3.813,9.287
2173366.254,-0.238,3.813,8.96
2173366.274,0.464,5.378,8.755
2173366.294,0.55,6.187,8.414
2173366.313,-0.013,5.976,7.921
2173366.333,0.372,5.603,8.253
2173366.353,0.276,4.291,8.632
2173366.373,-0.579,3.641,8.537
2173366.392,-0.723,4.096,8.424
2173366.412,-0.732,4.374,8.566
2173366.432,-0.883,4.062,8.604
2173366.452,-0.758,4.056,8.772
2173366.472,-0.598,4.593,8.523
2173366.491,-0.449,4.895,8.437
2173366.511,-0.626,4.612,8.561
2173366.531,-0.833,4.311,8.661
2173366.551,-1.025,4.148,8.684
2173366.57,-0.949,4.263,8.741
2173366.59,-0.699,4.397,8.817
2173366.61,-0.819,4.517,8.755
2173366.63,-0.867,4.612,8.869
2173366.649,-1.016,4.598,8.993
2173366.669,-0.953,4.541,9.277
2173366.689,-0.814,4.55,9.68
2173366.709,-0.675,4.66,9.856
2173366.729,-0.669,4.771,9.799
2173366.748,-0.761,4.962,9.557
2173366.768,-0.785,5.335,9.05
2173366.788,-0.756,5.105,8.879
2173366.808,-0.453,4.215,9.599
2173366.827,-0.295,3.388,9.699
2173366.847,0.027,3.302,9.291
2173366.867,0.695,3.579,9.239
2173366.887,0.858,3.435,9.424
2173366.906,0.786,2.818,9.453
2173366.926,1.065,2.775,9.661
2173366.946,1.08,2.799,9.623
2173366.966,0.873,2.995,9.173
2173366.985,0.532,3.67,8.651
2173367.005,0.527,2.852,8.912
2173367.025,0.719,2.086,9.239
2173367.045,1.387,2.316,10.059
2173367.065,1.325,2.473,10.448
2173367.084,0.027,2.421,9.979
2173367.104,0.839,2.225,8.603
2173367.124,2.113,2.024,8.229
2173367.144,1.055,2.909,8.836
2173367.163,0.022,3.158,9.391
2173367.183,-0.242,2.249,9.823
2173367.203,0.114,2.263,9.571
2173367.223,0.561,2.651,9.448
2173367.242,1.094,2.488,10.116
2173367.262,0.935,2.273,10.093
2173367.282,1.589,2.488,9.386
2173367.302,0.998,2.847,8.537
2173367.321,1.031,3.091,9.296
2173367.341,0.537,3.005,9.656
2173367.361,-0.415,3.364,9.13
2173367.381,-0.314,4.187,8.95
2173367.401,0.027,4.374,8.646
2173367.42,0.195,3.866,8.243
2173367.44,0.537,3.79,8.556
2173367.46,0.527,3.823,9.149
2173367.48,0.316,3.933,9.476
2173367.499,0.354,3.985,9.357
2173367.519,0.387,3.909,8.888
2173367.539,0.354,3.933,8.58
2173367.559,0.277,3.957,8.561
2173367.578,0.364,3.976,8.309
2173367.598,0.306,3.842,8.741
2173367.618,0.33,3.985,9.998
2173367.638,0.2,4.306,10.553
2173367.657,0.003,4.225,9.272
